,Feature,Score,P-value,Method
0,Age,4.341838599124526,0.038806931616394626,ANOVA
1,Education,5.062756879947071,0.024445321908717826,Chi2
2,EmploymentYears,9.016270969646895,0.0031145241682177817,ANOVA
3,D_mean,11.085382929616607,0.0010843710219730388,ANOVA
4,E_mean,12.942599177427024,0.0004299182150232228,ANOVA
5,SideEffectsAffectView,13.275127063781785,0.00026895065781134517,Chi2
6,A_mean,21.085980745862397,8.951764478496987e-06,ANOVA
7,C_mean,25.738068751720373,1.0918170829183948e-06,ANOVA
